query_id,question,topic,subtopic,intent,explicit_depth,knowledge_level,user_goal,response_strategy,visual_support
Q001,"What is hypertension?","Hypertension","Definition","definition","unknown","unknown","understand_concept","adaptive_beginner_explanation","recommended"
Q002,"What is high blood pressure?","Hypertension","Definition","definition","unknown","unknown","understand_concept","adaptive_beginner_explanation","recommended"
Q003,"Give me a basic explanation of hypertension","Hypertension","Definition","explanation","basic","unknown","understand_concept","beginner_explanation","recommended"
Q004,"Explain hypertension in detail","Hypertension","Definition","explanation","detailed","unknown","deep_understanding","detailed_explanation","recommended"
Q005,"Explain hypertension in simple terms","Hypertension","Definition","explanation","basic","unknown","understand_concept","simple_beginner_explanation","recommended"
Q006,"Give me 3-4 lines about hypertension","Hypertension","Definition","explanation","short","unknown","quick_understanding","strict_concise_explanation","optional"
Q007,"I don't know anything about hypertension, teach me","Hypertension","Definition","education","comprehensive","beginner","learn_from_basics","guided_beginner_teaching","recommended"
Q008,"Teach me everything I should know about hypertension","Hypertension","General","education","comprehensive","unknown","learn_topic","comprehensive_learning_guide","recommended"
Q009,"What causes hypertension?","Hypertension","Causes","causes","unknown","unknown","understand_causes","adaptive_explanation","recommended"
Q010,"What are the risk factors for hypertension?","Hypertension","Risk Factors","risk_factors","unknown","unknown","understand_risk","adaptive_explanation","recommended"
Q011,"What are the symptoms of hypertension?","Hypertension","Symptoms","symptoms","unknown","unknown","recognize_symptoms","adaptive_explanation","optional"
Q012,"Can hypertension have no symptoms?","Hypertension","Symptoms","explanation","unknown","unknown","understand_concept","adaptive_explanation","optional"
Q013,"What happens if hypertension is not treated?","Hypertension","Complications","complications","unknown","unknown","understand_risk","adaptive_explanation","recommended"
Q014,"How does hypertension affect the heart?","Hypertension","Heart Effects","explanation","unknown","unknown","understand_mechanism","mechanism_explanation","recommended"
Q015,"How can hypertension be prevented?","Hypertension","Prevention","prevention","unknown","unknown","prevent_disease","actionable_explanation","recommended"
Q016,"How can I control my blood pressure naturally?","Hypertension","Lifestyle","lifestyle","unknown","unknown","manage_risk","actionable_explanation","recommended"
Q017,"What is blood pressure?","Blood Pressure","Definition","definition","unknown","unknown","understand_concept","adaptive_beginner_explanation","recommended"
Q018,"Explain blood pressure in detail","Blood Pressure","Definition","explanation","detailed","unknown","deep_understanding","detailed_explanation","recommended"
Q019,"Explain blood pressure simply","Blood Pressure","Definition","explanation","basic","unknown","understand_concept","simple_beginner_explanation","recommended"
Q020,"What do the two blood pressure numbers mean?","Blood Pressure","Systolic and Diastolic","explanation","unknown","unknown","interpret_reading","adaptive_explanation","recommended"
Q021,"What is systolic blood pressure?","Blood Pressure","Systolic","definition","unknown","unknown","understand_concept","adaptive_beginner_explanation","recommended"
Q022,"What is diastolic blood pressure?","Blood Pressure","Diastolic","definition","unknown","unknown","understand_concept","adaptive_beginner_explanation","recommended"
Q023,"What is the difference between systolic and diastolic pressure?","Blood Pressure","Systolic vs Diastolic","comparison","unknown","unknown","compare_concepts","comparison_explanation","recommended"
Q024,"How do I measure blood pressure correctly?","Blood Pressure","Measurement","how_to","unknown","unknown","perform_task","step_by_step_explanation","recommended"
Q025,"Why does my blood pressure change during the day?","Blood Pressure","Variation","explanation","unknown","unknown","understand_variation","adaptive_explanation","optional"
Q026,"What is a normal blood pressure?","Blood Pressure","Blood Pressure Categories","classification","unknown","unknown","interpret_reading","adaptive_explanation","recommended"
Q027,"What is low blood pressure?","Blood Pressure","Hypotension","definition","unknown","unknown","understand_concept","adaptive_beginner_explanation","recommended"
Q028,"What causes low blood pressure?","Blood Pressure","Hypotension","causes","unknown","unknown","understand_causes","adaptive_explanation","recommended"
Q029,"What is cholesterol?","Cholesterol","Definition","definition","unknown","unknown","understand_concept","adaptive_beginner_explanation","recommended"
Q030,"Explain cholesterol in detail","Cholesterol","Definition","explanation","detailed","unknown","deep_understanding","detailed_explanation","recommended"
Q031,"What is LDL?","Cholesterol","LDL","definition","unknown","unknown","understand_concept","adaptive_beginner_explanation","recommended"
Q032,"What is HDL?","Cholesterol","HDL","definition","unknown","unknown","understand_concept","adaptive_beginner_explanation","recommended"
Q033,"What is the difference between LDL and HDL?","Cholesterol","LDL vs HDL","comparison","unknown","unknown","compare_concepts","comparison_explanation","recommended"
Q034,"What causes high cholesterol?","Cholesterol","Causes","causes","unknown","unknown","understand_causes","adaptive_explanation","recommended"
Q035,"How does high cholesterol affect the heart?","Cholesterol","Cardiovascular Effects","explanation","unknown","unknown","understand_mechanism","mechanism_explanation","recommended"
Q036,"How can I lower my cholesterol?","Cholesterol","Management","management","unknown","unknown","manage_risk","actionable_explanation","recommended"
Q037,"What is coronary artery disease?","Coronary Artery Disease","Definition","definition","unknown","unknown","understand_concept","adaptive_beginner_explanation","recommended"
Q038,"Explain coronary artery disease in detail","Coronary Artery Disease","Definition","explanation","detailed","unknown","deep_understanding","detailed_explanation","recommended"
Q039,"How does coronary artery disease develop?","Coronary Artery Disease","Disease Progression","explanation","unknown","unknown","understand_mechanism","step_by_step_explanation","recommended"
Q040,"What are the symptoms of coronary artery disease?","Coronary Artery Disease","Symptoms","symptoms","unknown","unknown","recognize_symptoms","adaptive_explanation","recommended"
Q041,"What is heart failure?","Heart Failure","Definition","definition","unknown","unknown","understand_concept","adaptive_beginner_explanation","recommended"
Q042,"Explain heart failure in detail","Heart Failure","Definition","explanation","detailed","unknown","deep_understanding","detailed_explanation","recommended"
Q043,"What causes heart failure?","Heart Failure","Causes","causes","unknown","unknown","understand_causes","adaptive_explanation","recommended"
Q044,"How does heart failure affect the body?","Heart Failure","Effects","explanation","unknown","unknown","understand_mechanism","structured_explanation","recommended"
Q045,"What is a heart attack?","Heart Attack","Definition","definition","unknown","unknown","understand_concept","adaptive_beginner_explanation","recommended"
Q046,"Explain what happens during a heart attack","Heart Attack","Disease Process","explanation","unknown","unknown","understand_mechanism","step_by_step_explanation","recommended"
Q047,"What are the warning signs of a heart attack?","Heart Attack","Warning Signs","symptoms","unknown","unknown","recognize_warning_signs","safety_focused_explanation","recommended"
Q048,"What is the difference between a heart attack and cardiac arrest?","Heart Attack","Heart Attack vs Cardiac Arrest","comparison","unknown","unknown","compare_concepts","comparison_explanation","recommended"
Q049,"What is an arrhythmia?","Arrhythmia","Definition","definition","unknown","unknown","understand_concept","adaptive_beginner_explanation","recommended"
Q050,"Explain atrial fibrillation","Atrial Fibrillation","Definition","explanation","unknown","unknown","understand_concept","adaptive_explanation","recommended"
Q051,"Why is atrial fibrillation dangerous?","Atrial Fibrillation","Complications","complications","unknown","unknown","understand_risk","adaptive_explanation","recommended"
Q052,"What is atherosclerosis?","Atherosclerosis","Definition","definition","unknown","unknown","understand_concept","adaptive_beginner_explanation","recommended"
Q053,"How does plaque build up in arteries?","Atherosclerosis","Plaque Formation","explanation","unknown","unknown","understand_mechanism","step_by_step_explanation","recommended"
Q054,"What is rheumatic heart disease?","Rheumatic Heart Disease","Definition","definition","unknown","unknown","understand_concept","adaptive_beginner_explanation","recommended"
Q055,"How does rheumatic heart disease affect the heart?","Rheumatic Heart Disease","Effects","explanation","unknown","unknown","understand_mechanism","structured_explanation","recommended"
Q056,"What is a stroke?","Stroke Prevention","Definition","definition","unknown","unknown","understand_concept","adaptive_beginner_explanation","recommended"
Q057,"How is high blood pressure connected to stroke?","Stroke Prevention","Hypertension and Stroke","explanation","unknown","unknown","understand_relationship","relationship_explanation","recommended"
Q058,"How can I reduce my risk of stroke?","Stroke Prevention","Prevention","prevention","unknown","unknown","prevent_disease","actionable_explanation","recommended"
Q059,"What is a beta blocker?","Medications","Beta Blockers","definition","unknown","unknown","understand_medication","adaptive_drug_explanation","recommended"
Q060,"How do beta blockers work?","Medications","Beta Blockers","mechanism","unknown","unknown","understand_mechanism","mechanism_explanation","recommended"
Q061,"What are ACE inhibitors?","Medications","ACE Inhibitors","definition","unknown","unknown","understand_medication","adaptive_drug_explanation","recommended"
Q062,"How do ACE inhibitors work?","Medications","ACE Inhibitors","mechanism","unknown","unknown","understand_mechanism","mechanism_explanation","recommended"
Q063,"What is the difference between ACE inhibitors and ARBs?","Medications","ACE Inhibitors vs ARBs","comparison","unknown","unknown","compare_medications","comparison_explanation","recommended"
Q064,"What are statins?","Medications","Statins","definition","unknown","unknown","understand_medication","adaptive_drug_explanation","recommended"
Q065,"How do statins lower cholesterol?","Medications","Statins","mechanism","unknown","unknown","understand_mechanism","mechanism_explanation","recommended"
Q066,"What are the side effects of statins?","Medications","Statins","side_effects","unknown","unknown","understand_medication_risk","safety_focused_explanation","optional"
Q067,"What are anticoagulants?","Medications","Anticoagulants","definition","unknown","unknown","understand_medication","adaptive_drug_explanation","recommended"
Q068,"What is the difference between anticoagulants and antiplatelet drugs?","Medications","Anticoagulants vs Antiplatelets","comparison","unknown","unknown","compare_medications","comparison_explanation","recommended"
Q069,"What is a diuretic?","Medications","Diuretics","definition","unknown","unknown","understand_medication","adaptive_drug_explanation","recommended"
Q070,"How do diuretics help blood pressure?","Medications","Diuretics","mechanism","unknown","unknown","understand_mechanism","mechanism_explanation","recommended"
Q071,"What foods are good for heart health?","Lifestyle","Heart Healthy Diet","lifestyle","unknown","unknown","improve_health","actionable_explanation","recommended"
Q072,"How does exercise affect heart health?","Lifestyle","Exercise","lifestyle","unknown","unknown","improve_health","educational_actionable","recommended"
Q073,"How does smoking affect the heart?","Lifestyle","Smoking","risk_factors","unknown","unknown","understand_risk","mechanism_explanation","recommended"
Q074,"How does stress affect blood pressure?","Lifestyle","Stress","explanation","unknown","unknown","understand_relationship","relationship_explanation","recommended"
Q075,"How does sleep affect cardiovascular health?","Lifestyle","Sleep","explanation","unknown","unknown","understand_relationship","relationship_explanation","recommended"
Q076,"How does the heart pump blood?","Heart Anatomy","Heart Function","explanation","unknown","unknown","understand_mechanism","step_by_step_explanation","recommended"
Q077,"What are the four chambers of the heart?","Heart Anatomy","Heart Chambers","definition","unknown","unknown","understand_concept","adaptive_beginner_explanation","recommended"
Q078,"How does blood circulate through the heart?","Heart Anatomy","Blood Circulation","explanation","unknown","unknown","understand_mechanism","step_by_step_explanation","recommended"
Q079,"What do the heart valves do?","Heart Anatomy","Heart Valves","explanation","unknown","unknown","understand_concept","adaptive_explanation","recommended"
Q080,"Give me a complete guide to cardiovascular health","Cardiovascular Health","General Cardiovascular Health","comprehensive_guide","comprehensive","unknown","learn_topic","comprehensive_learning_guide","recommended"
Q081,"What is amlodipine?","Medications","Calcium Channel Blockers","definition","unknown","unknown","understand_medication","adaptive_drug_explanation","recommended"
Q082,"How does amlodipine work?","Medications","Calcium Channel Blockers","mechanism","unknown","unknown","understand_mechanism","mechanism_explanation","recommended"
Q083,"What are the common side effects of blood pressure medicines?","Medications","Antihypertensives","side_effects","unknown","unknown","understand_medication_risk","safety_focused_explanation","optional"
Q084,"Why do I need to take my blood pressure medicine every day?","Medications","Medication Adherence","explanation","unknown","unknown","understand_treatment","educational_explanation","recommended"
Q085,"What happens if I forget to take my blood pressure medicine?","Medications","Medication Adherence","safety","unknown","unknown","manage_medication","safety_focused_explanation","recommended"
Q086,"Can I stop taking my blood pressure medicine when I feel better?","Medications","Medication Adherence","safety","unknown","unknown","understand_treatment","safety_focused_explanation","recommended"
Q087,"Can different medicines interact with each other?","Medications","Drug Interactions","explanation","unknown","unknown","understand_medication_risk","safety_focused_explanation","recommended"
Q088,"Why should I tell my doctor about all the medicines I take?","Medications","Medication Safety","explanation","unknown","unknown","understand_medication_safety","educational_explanation","recommended"
Q089,"What is a statin?","Medications","Statins","definition","unknown","unknown","understand_medication","adaptive_drug_explanation","recommended"
Q090,"Why are statins prescribed for heart disease?","Medications","Statins","indications","unknown","unknown","understand_treatment","mechanism_explanation","recommended"

Q091,"What should I eat if I have high blood pressure?","Lifestyle","Hypertension Diet","lifestyle","unknown","unknown","manage_risk","actionable_explanation","recommended"
Q092,"What foods can increase blood pressure?","Lifestyle","Hypertension Diet","risk_factors","unknown","unknown","understand_risk","educational_actionable","recommended"
Q093,"How much salt should I eat for better heart health?","Lifestyle","Sodium","lifestyle","unknown","unknown","improve_health","actionable_explanation","recommended"
Q094,"Does drinking alcohol affect blood pressure?","Lifestyle","Alcohol","relationship","unknown","unknown","understand_relationship","relationship_explanation","recommended"
Q095,"Does being overweight increase the risk of heart disease?","Lifestyle","Weight","risk_factors","unknown","unknown","understand_risk","relationship_explanation","recommended"
Q096,"How much exercise is good for heart health?","Lifestyle","Exercise","lifestyle","unknown","unknown","improve_health","educational_actionable","recommended"
Q097,"Can walking improve cardiovascular health?","Lifestyle","Exercise","lifestyle","unknown","unknown","improve_health","educational_actionable","recommended"
Q098,"Why is smoking bad for the cardiovascular system?","Lifestyle","Smoking","mechanism","unknown","unknown","understand_risk","mechanism_explanation","recommended"
Q099,"What lifestyle changes can improve my heart health?","Lifestyle","Cardiovascular Health","prevention","unknown","unknown","improve_health","comprehensive_actionable_explanation","recommended"
Q100,"How can I reduce my risk of cardiovascular disease?","Cardiovascular Health","Prevention","prevention","unknown","unknown","prevent_disease","comprehensive_actionable_explanation","recommended"
Q101,"What does my blood pressure reading mean?","Medical Reports","Blood Pressure Reading","interpretation","unknown","unknown","interpret_result","adaptive_explanation","recommended"
Q102,"What does a blood pressure reading of 140/90 mean?","Medical Reports","Blood Pressure Reading","interpretation","unknown","unknown","interpret_result","adaptive_explanation","recommended"
Q103,"Can you explain my blood pressure numbers?","Medical Reports","Blood Pressure Reading","explanation","unknown","unknown","understand_result","adaptive_beginner_explanation","recommended"
Q104,"What does my cholesterol result mean?","Medical Reports","Cholesterol Results","interpretation","unknown","unknown","interpret_result","adaptive_explanation","recommended"
Q105,"What does a high LDL result mean?","Medical Reports","LDL Result","interpretation","unknown","unknown","understand_risk","adaptive_explanation","recommended"
Q106,"What does a low HDL result mean?","Medical Reports","HDL Result","interpretation","unknown","unknown","understand_result","adaptive_explanation","recommended"
Q107,"What does my triglyceride result mean?","Medical Reports","Triglycerides","interpretation","unknown","unknown","interpret_result","adaptive_explanation","recommended"
Q108,"What is a lipid panel?","Medical Reports","Lipid Panel","definition","unknown","unknown","understand_concept","adaptive_beginner_explanation","recommended"
Q109,"What tests are used to check heart health?","Medical Reports","Cardiovascular Tests","education","unknown","unknown","learn_topic","structured_explanation","recommended"
Q110,"What is an ECG?","Medical Reports","ECG","definition","unknown","unknown","understand_concept","adaptive_beginner_explanation","recommended"
Q111,"What does an ECG measure?","Medical Reports","ECG","explanation","unknown","unknown","understand_mechanism","step_by_step_explanation","recommended"
Q112,"What can an abnormal ECG mean?","Medical Reports","ECG","interpretation","unknown","unknown","understand_result","safety_focused_explanation","recommended"
Q113,"What is an echocardiogram?","Medical Reports","Echocardiogram","definition","unknown","unknown","understand_concept","adaptive_beginner_explanation","recommended"
Q114,"What does an echocardiogram show?","Medical Reports","Echocardiogram","explanation","unknown","unknown","understand_result","structured_explanation","recommended"
Q115,"What is a cardiac stress test?","Medical Reports","Stress Test","definition","unknown","unknown","understand_concept","adaptive_beginner_explanation","recommended"
Q116,"What does a high troponin level mean?","Medical Reports","Troponin","interpretation","unknown","unknown","understand_result","safety_focused_explanation","recommended"
Q117,"What does BNP test for?","Medical Reports","BNP","definition","unknown","unknown","understand_concept","adaptive_explanation","recommended"
Q118,"Can you explain these medical test results to me?","Medical Reports","General Test Results","explanation","unknown","unknown","understand_result","guided_report_explanation","recommended"
Q119,"Can you explain my medical report in simple terms?","Medical Reports","General Medical Report","explanation","basic","beginner","understand_result","guided_beginner_report_explanation","recommended"
Q120,"Can you explain my heart test results in detail?","Medical Reports","Cardiovascular Test Results","explanation","detailed","unknown","deep_understanding","detailed_report_explanation","recommended"